insert into Users (UserID, Username, FirstName, LastName, DateOfBirth, Password, DateAdded) values (1, 'mpastor0', 'Moyna', 'Pastor', '1903-04-16', '$2a$04$mF8rRziBD72i/tEbeFQoP.kZQQdHJHvDj7trtQtrFsp/mhBKN3rkW', '2024-03-07');
insert into Users (UserID, Username, FirstName, LastName, DateOfBirth, Password, DateAdded) values (2, 'pkerfod1', 'Perl', 'Kerfod', '2003-03-09', '$2a$04$68yFNPmfHtkbiBrUYUuoAOd7eWbQfkby6y2V4hbfSV6P0TsyjKD3y', '2023-12-06');
insert into Users (UserID, Username, FirstName, LastName, DateOfBirth, Password, DateAdded) values (3, 'nbielefeld2', 'Norean', 'Bielefeld', '1981-01-10', '$2a$04$vVQmgMJZTdQFRW9srJyqZOkLEXXVbgxiKbX9n2S.TPB1/UuftjHuC', '2024-06-15');
insert into Users (UserID, Username, FirstName, LastName, DateOfBirth, Password, DateAdded) values (4, 'mrylett3', 'Mayor', 'Rylett', '2012-09-01', '$2a$04$X7jmc6AVhUYUs1OjMzXkSut3/TTT9A8lu8SrFPc01IIzNuPOhX3CK', '2023-12-24');
insert into Users (UserID, Username, FirstName, LastName, DateOfBirth, Password, DateAdded) values (5, 'kbartkowiak4', 'Karoly', 'Bartkowiak', '1949-11-20', '$2a$04$9mqQciwmijo5hbHhbSeTROAnEvL.lJxHHEHkTMbnWdCO9EqDRKJj.', '2023-09-07');
insert into Users (UserID, Username, FirstName, LastName, DateOfBirth, Password, DateAdded) values (6, 'lvondrak5', 'Leola', 'Vondrak', '1902-12-02', '$2a$04$I9pfq2iErgzdRl1fik3zceV590S00y.HJJ6haOlocfwK5kXvxvaAm', '2024-05-15');
insert into Users (UserID, Username, FirstName, LastName, DateOfBirth, Password, DateAdded) values (7, 'cbroggini6', 'Chalmers', 'Broggini', '1933-05-22', '$2a$04$S.Xqv10SQHho8ear/YkJR.1d8I5fy/3gwjM9NNSzEIb5BMXVXrXY.', '2024-03-30');
insert into Users (UserID, Username, FirstName, LastName, DateOfBirth, Password, DateAdded) values (8, 'cmarriot7', 'Cindy', 'Marriot', '1919-02-18', '$2a$04$iyVQEUNGgnEn4I1BGsKabOXBtFh0Cb.Qq8Wdw4kB1n30a77SnM9GO', '2024-05-07');
insert into Users (UserID, Username, FirstName, LastName, DateOfBirth, Password, DateAdded) values (9, 'tmorsom8', 'Thurston', 'Morsom', '2021-12-21', '$2a$04$d0vuzliMJZOT6DbaOmKAHuKKV.yOl7qzqNpM14zx40kmRebYnMfkW', '2023-12-23');
insert into Users (UserID, Username, FirstName, LastName, DateOfBirth, Password, DateAdded) values (10, 'lmaciaszczyk9', 'Layla', 'Maciaszczyk', '1935-12-07', '$2a$04$r5OYslNNpdkE5MempiLBk.YQEgsTLePXzUkeBOz1gltirkI.10l4C', '2023-09-30');

insert into Friends (FriendID, FriendWhoAdded, FriendBeingAdded, IsAccepted, DateAdded) values (1, 5, 3, false, '10/2/2023');
insert into Friends (FriendID, FriendWhoAdded, FriendBeingAdded, IsAccepted, DateAdded) values (2, 2, 3, true, '1/22/2024');
insert into Friends (FriendID, FriendWhoAdded, FriendBeingAdded, IsAccepted, DateAdded) values (3, 3, 6, true, '11/7/2023');
insert into Friends (FriendID, FriendWhoAdded, FriendBeingAdded, IsAccepted, DateAdded) values (4, 7, 3, false, '9/20/2023');
insert into Friends (FriendID, FriendWhoAdded, FriendBeingAdded, IsAccepted, DateAdded) values (5, 1, 6, false, '6/8/2024');
insert into Friends (FriendID, FriendWhoAdded, FriendBeingAdded, IsAccepted, DateAdded) values (6, 1, 4, false, '1/9/2024');
insert into Friends (FriendID, FriendWhoAdded, FriendBeingAdded, IsAccepted, DateAdded) values (7, 7, 8, false, '6/5/2024');
insert into Friends (FriendID, FriendWhoAdded, FriendBeingAdded, IsAccepted, DateAdded) values (8, 1, 3, true, '7/1/2024');
insert into Friends (FriendID, FriendWhoAdded, FriendBeingAdded, IsAccepted, DateAdded) values (9, 7, 3, false, '2/8/2024');
insert into Friends (FriendID, FriendWhoAdded, FriendBeingAdded, IsAccepted, DateAdded) values (10, 4, 1, false, '2/14/2024');
insert into Friends (FriendID, FriendWhoAdded, FriendBeingAdded, IsAccepted, DateAdded) values (11, 4, 8, true, '6/15/2024');
insert into Friends (FriendID, FriendWhoAdded, FriendBeingAdded, IsAccepted, DateAdded) values (12, 6, 2, true, '2/24/2024');
insert into Friends (FriendID, FriendWhoAdded, FriendBeingAdded, IsAccepted, DateAdded) values (13, 8, 7, true, '9/8/2023');
insert into Friends (FriendID, FriendWhoAdded, FriendBeingAdded, IsAccepted, DateAdded) values (14, 3, 10, false, '12/27/2023');
insert into Friends (FriendID, FriendWhoAdded, FriendBeingAdded, IsAccepted, DateAdded) values (15, 5, 7, true, '4/13/2024');
insert into Friends (FriendID, FriendWhoAdded, FriendBeingAdded, IsAccepted, DateAdded) values (16, 4, 2, true, '7/17/2024');
insert into Friends (FriendID, FriendWhoAdded, FriendBeingAdded, IsAccepted, DateAdded) values (17, 9, 4, false, '12/25/2023');
insert into Friends (FriendID, FriendWhoAdded, FriendBeingAdded, IsAccepted, DateAdded) values (18, 8, 7, false, '8/17/2024');
insert into Friends (FriendID, FriendWhoAdded, FriendBeingAdded, IsAccepted, DateAdded) values (19, 4, 6, false, '8/7/2024');
insert into Friends (FriendID, FriendWhoAdded, FriendBeingAdded, IsAccepted, DateAdded) values (20, 5, 1, true, '1/1/2024');
insert into Friends (FriendID, FriendWhoAdded, FriendBeingAdded, IsAccepted, DateAdded) values (21, 7, 4, false, '11/11/2023');
insert into Friends (FriendID, FriendWhoAdded, FriendBeingAdded, IsAccepted, DateAdded) values (22, 1, 7, false, '8/4/2024');
insert into Friends (FriendID, FriendWhoAdded, FriendBeingAdded, IsAccepted, DateAdded) values (23, 4, 1, true, '3/21/2024');
insert into Friends (FriendID, FriendWhoAdded, FriendBeingAdded, IsAccepted, DateAdded) values (24, 7, 2, true, '9/18/2023');
insert into Friends (FriendID, FriendWhoAdded, FriendBeingAdded, IsAccepted, DateAdded) values (25, 3, 3, false, '2/22/2024');
insert into Friends (FriendID, FriendWhoAdded, FriendBeingAdded, IsAccepted, DateAdded) values (26, 8, 2, false, '3/13/2024');
insert into Friends (FriendID, FriendWhoAdded, FriendBeingAdded, IsAccepted, DateAdded) values (27, 9, 8, false, '8/31/2024');
insert into Friends (FriendID, FriendWhoAdded, FriendBeingAdded, IsAccepted, DateAdded) values (28, 9, 3, false, '10/13/2023');
insert into Friends (FriendID, FriendWhoAdded, FriendBeingAdded, IsAccepted, DateAdded) values (29, 1, 6, true, '12/24/2023');
insert into Friends (FriendID, FriendWhoAdded, FriendBeingAdded, IsAccepted, DateAdded) values (30, 1, 9, true, '3/8/2024');

insert into Posts (PostID, PostDescription, PostedBy, IsPublic, IsOnlyForFriends, GroupID, DatePosted) values (1, 'Cellulitis of back [any part except buttock]', 5, true, false, 4, '4/20/2024');
insert into Posts (PostID, PostDescription, PostedBy, IsPublic, IsOnlyForFriends, GroupID, DatePosted) values (2, 'Struck by pig, initial encounter', 5, false, false, null, '5/6/2024');
insert into Posts (PostID, PostDescription, PostedBy, IsPublic, IsOnlyForFriends, GroupID, DatePosted) values (3, 'Stress fx, unsp ulna and radius, subs for fx w malunion', 4, false, true, 5, '4/7/2024');
insert into Posts (PostID, PostDescription, PostedBy, IsPublic, IsOnlyForFriends, GroupID, DatePosted) values (4, 'Spondylosis w/o myelopathy or radiculopathy, lumbar region', 1, true, true, 3, '10/11/2023');
insert into Posts (PostID, PostDescription, PostedBy, IsPublic, IsOnlyForFriends, GroupID, DatePosted) values (5, 'Assault by other hot objects, subsequent encounter', 1, false, false, 3, '12/16/2023');
insert into Posts (PostID, PostDescription, PostedBy, IsPublic, IsOnlyForFriends, GroupID, DatePosted) values (6, 'Displ transverse fx shaft of l rad, 7thN', 2, true, true, 2, '6/27/2024');
insert into Posts (PostID, PostDescription, PostedBy, IsPublic, IsOnlyForFriends, GroupID, DatePosted) values (7, 'Parachutist entangled in object', 1, false, true, 2, '3/14/2024');
insert into Posts (PostID, PostDescription, PostedBy, IsPublic, IsOnlyForFriends, GroupID, DatePosted) values (8, 'Stenosis due to internal orthopedic prosth dev/grft, init', 10, false, false, 2, '7/26/2024');
insert into Posts (PostID, PostDescription, PostedBy, IsPublic, IsOnlyForFriends, GroupID, DatePosted) values (9, 'Nondisp seg fx shaft of r fibula, 7thD', 8, true, false, 3, '9/29/2023');
insert into Posts (PostID, PostDescription, PostedBy, IsPublic, IsOnlyForFriends, GroupID, DatePosted) values (10, 'Injury of r int carotid, intcr w LOC of 31-59 min', 2, true, true, null, '2/10/2024');
insert into Posts (PostID, PostDescription, PostedBy, IsPublic, IsOnlyForFriends, GroupID, DatePosted) values (11, 'Toxic effect of inorganic substances, accidental', 3, false, false, 5, '9/14/2023');
insert into Posts (PostID, PostDescription, PostedBy, IsPublic, IsOnlyForFriends, GroupID, DatePosted) values (12, 'Crushing injury of right hand, sequela', 10, true, false, 4, '3/3/2024');
insert into Posts (PostID, PostDescription, PostedBy, IsPublic, IsOnlyForFriends, GroupID, DatePosted) values (13, 'Sprain of unsp parts of unsp shoulder girdle, init encntr', 1, true, true, 1, '4/21/2024');
insert into Posts (PostID, PostDescription, PostedBy, IsPublic, IsOnlyForFriends, GroupID, DatePosted) values (14, 'Exhaustion due to excessive exertion, initial encounter', 6, true, true, null, '5/30/2024');
insert into Posts (PostID, PostDescription, PostedBy, IsPublic, IsOnlyForFriends, GroupID, DatePosted) values (15, 'Sprain of left coracohumeral (ligament), subs encntr', 5, true, true, null, '9/7/2023');
insert into Posts (PostID, PostDescription, PostedBy, IsPublic, IsOnlyForFriends, GroupID, DatePosted) values (16, 'Other specified neonatal hemorrhages', 4, true, true, 1, '5/18/2024');
insert into Posts (PostID, PostDescription, PostedBy, IsPublic, IsOnlyForFriends, GroupID, DatePosted) values (17, 'Other streptococcal arthritis, ankle and foot', 8, false, false, 1, '4/22/2024');
insert into Posts (PostID, PostDescription, PostedBy, IsPublic, IsOnlyForFriends, GroupID, DatePosted) values (18, 'Complication of surgical and medical care, unspecified', 6, false, true, 2, '2/6/2024');
insert into Posts (PostID, PostDescription, PostedBy, IsPublic, IsOnlyForFriends, GroupID, DatePosted) values (19, 'Nondisp fx of 3rd metatarsal bone, l ft, 7thK', 8, true, false, null, '2/2/2024');
insert into Posts (PostID, PostDescription, PostedBy, IsPublic, IsOnlyForFriends, GroupID, DatePosted) values (20, 'Primary syphilis of other sites', 4, false, false, null, '4/28/2024');
insert into Posts (PostID, PostDescription, PostedBy, IsPublic, IsOnlyForFriends, GroupID, DatePosted) values (21, 'Unsp injury of ulnar artery at wrs/hnd lv of right arm, subs', 10, false, false, 3, '12/18/2023');
insert into Posts (PostID, PostDescription, PostedBy, IsPublic, IsOnlyForFriends, GroupID, DatePosted) values (22, 'Malignant carcinoid tumor of the duodenum', 4, false, true, 3, '2/19/2024');
insert into Posts (PostID, PostDescription, PostedBy, IsPublic, IsOnlyForFriends, GroupID, DatePosted) values (23, 'Hypersecretion glaucoma', 6, false, true, null, '1/28/2024');
insert into Posts (PostID, PostDescription, PostedBy, IsPublic, IsOnlyForFriends, GroupID, DatePosted) values (24, 'Fracture of radial styloid process', 7, false, true, 5, '11/26/2023');
insert into Posts (PostID, PostDescription, PostedBy, IsPublic, IsOnlyForFriends, GroupID, DatePosted) values (25, 'Occupant of pk-up/van injured in unsp nontraf, sequela', 3, true, false, 1, '5/5/2024');
insert into Posts (PostID, PostDescription, PostedBy, IsPublic, IsOnlyForFriends, GroupID, DatePosted) values (26, 'Oth psychoactv sub use, unsp w psych disorder w delusions', 3, true, true, 3, '1/23/2024');
insert into Posts (PostID, PostDescription, PostedBy, IsPublic, IsOnlyForFriends, GroupID, DatePosted) values (27, 'Lacerat flexor musc/fasc/tend unsp finger at wrs/hnd lv', 8, false, false, 2, '9/25/2023');
insert into Posts (PostID, PostDescription, PostedBy, IsPublic, IsOnlyForFriends, GroupID, DatePosted) values (28, 'Pnctr of abd wall w fb, r low q w/o penet perit cav, subs', 2, false, false, null, '10/26/2023');
insert into Posts (PostID, PostDescription, PostedBy, IsPublic, IsOnlyForFriends, GroupID, DatePosted) values (29, 'Spontaneous rupture of extensor tendons, unsp upper arm', 3, true, true, null, '1/31/2024');
insert into Posts (PostID, PostDescription, PostedBy, IsPublic, IsOnlyForFriends, GroupID, DatePosted) values (30, 'Mixed cellularity Hodgkin lymphoma, intrathorac lymph nodes', 8, true, true, 1, '3/29/2024');

insert into Groups (GroupID, GroupName, CreatedBy, DateAdded) values (1, 'Zooveo', 9, '11/13/2023');
insert into Groups (GroupID, GroupName, CreatedBy, DateAdded) values (2, 'Jetpulse', 7, '3/11/2024');
insert into Groups (GroupID, GroupName, CreatedBy, DateAdded) values (3, 'Bluejam', 3, '3/26/2024');
insert into Groups (GroupID, GroupName, CreatedBy, DateAdded) values (4, 'Oyope', 4, '6/11/2024');
insert into Groups (GroupID, GroupName, CreatedBy, DateAdded) values (5, 'Twitterwire', 1, '2/1/2024');

insert into GroupMembershipRequests (GroupMemberShipRequestsID, GroupID, GroupMemberUserID, IsGroupMemberShipAccepted, DateAccepted) values (1, 2, 5, false, '4/9/2024');
insert into GroupMembershipRequests (GroupMemberShipRequestsID, GroupID, GroupMemberUserID, IsGroupMemberShipAccepted, DateAccepted) values (2, 5, 3, false, '2/8/2024');
insert into GroupMembershipRequests (GroupMemberShipRequestsID, GroupID, GroupMemberUserID, IsGroupMemberShipAccepted, DateAccepted) values (3, 4, 5, false, '4/2/2024');
insert into GroupMembershipRequests (GroupMemberShipRequestsID, GroupID, GroupMemberUserID, IsGroupMemberShipAccepted, DateAccepted) values (4, 1, 8, false, '1/4/2024');
insert into GroupMembershipRequests (GroupMemberShipRequestsID, GroupID, GroupMemberUserID, IsGroupMemberShipAccepted, DateAccepted) values (5, 4, 8, true, '1/3/2024');
insert into GroupMembershipRequests (GroupMemberShipRequestsID, GroupID, GroupMemberUserID, IsGroupMemberShipAccepted, DateAccepted) values (6, 4, 7, false, '8/1/2024');
insert into GroupMembershipRequests (GroupMemberShipRequestsID, GroupID, GroupMemberUserID, IsGroupMemberShipAccepted, DateAccepted) values (7, 5, 10, true, '6/19/2024');
insert into GroupMembershipRequests (GroupMemberShipRequestsID, GroupID, GroupMemberUserID, IsGroupMemberShipAccepted, DateAccepted) values (8, 1, 8, true, '5/12/2024');
insert into GroupMembershipRequests (GroupMemberShipRequestsID, GroupID, GroupMemberUserID, IsGroupMemberShipAccepted, DateAccepted) values (9, 2, 4, true, '10/26/2023');
insert into GroupMembershipRequests (GroupMemberShipRequestsID, GroupID, GroupMemberUserID, IsGroupMemberShipAccepted, DateAccepted) values (10, 1, 8, true, '10/27/2023');
insert into GroupMembershipRequests (GroupMemberShipRequestsID, GroupID, GroupMemberUserID, IsGroupMemberShipAccepted, DateAccepted) values (11, 2, 1, true, '8/12/2024');
insert into GroupMembershipRequests (GroupMemberShipRequestsID, GroupID, GroupMemberUserID, IsGroupMemberShipAccepted, DateAccepted) values (12, 5, 4, false, '4/28/2024');
insert into GroupMembershipRequests (GroupMemberShipRequestsID, GroupID, GroupMemberUserID, IsGroupMemberShipAccepted, DateAccepted) values (13, 1, 2, true, '2/3/2024');
insert into GroupMembershipRequests (GroupMemberShipRequestsID, GroupID, GroupMemberUserID, IsGroupMemberShipAccepted, DateAccepted) values (14, 1, 9, false, '2/2/2024');
insert into GroupMembershipRequests (GroupMemberShipRequestsID, GroupID, GroupMemberUserID, IsGroupMemberShipAccepted, DateAccepted) values (15, 5, 2, true, '2/7/2024');
insert into GroupMembershipRequests (GroupMemberShipRequestsID, GroupID, GroupMemberUserID, IsGroupMemberShipAccepted, DateAccepted) values (16, 3, 6, true, '4/11/2024');
insert into GroupMembershipRequests (GroupMemberShipRequestsID, GroupID, GroupMemberUserID, IsGroupMemberShipAccepted, DateAccepted) values (17, 5, 9, true, '3/16/2024');
insert into GroupMembershipRequests (GroupMemberShipRequestsID, GroupID, GroupMemberUserID, IsGroupMemberShipAccepted, DateAccepted) values (18, 5, 10, true, '2/29/2024');
insert into GroupMembershipRequests (GroupMemberShipRequestsID, GroupID, GroupMemberUserID, IsGroupMemberShipAccepted, DateAccepted) values (19, 2, 5, true, '7/15/2024');
insert into GroupMembershipRequests (GroupMemberShipRequestsID, GroupID, GroupMemberUserID, IsGroupMemberShipAccepted, DateAccepted) values (20, 5, 7, true, '2/10/2024');
insert into GroupMembershipRequests (GroupMemberShipRequestsID, GroupID, GroupMemberUserID, IsGroupMemberShipAccepted, DateAccepted) values (21, 3, 7, true, '8/20/2024');
insert into GroupMembershipRequests (GroupMemberShipRequestsID, GroupID, GroupMemberUserID, IsGroupMemberShipAccepted, DateAccepted) values (22, 5, 9, false, '5/26/2024');
insert into GroupMembershipRequests (GroupMemberShipRequestsID, GroupID, GroupMemberUserID, IsGroupMemberShipAccepted, DateAccepted) values (23, 4, 10, false, '1/11/2024');
insert into GroupMembershipRequests (GroupMemberShipRequestsID, GroupID, GroupMemberUserID, IsGroupMemberShipAccepted, DateAccepted) values (24, 4, 6, false, '5/27/2024');
insert into GroupMembershipRequests (GroupMemberShipRequestsID, GroupID, GroupMemberUserID, IsGroupMemberShipAccepted, DateAccepted) values (25, 1, 3, false, '2/21/2024');
insert into GroupMembershipRequests (GroupMemberShipRequestsID, GroupID, GroupMemberUserID, IsGroupMemberShipAccepted, DateAccepted) values (26, 1, 2, true, '10/15/2023');
insert into GroupMembershipRequests (GroupMemberShipRequestsID, GroupID, GroupMemberUserID, IsGroupMemberShipAccepted, DateAccepted) values (27, 2, 9, true, '3/2/2024');
insert into GroupMembershipRequests (GroupMemberShipRequestsID, GroupID, GroupMemberUserID, IsGroupMemberShipAccepted, DateAccepted) values (28, 4, 1, false, '8/10/2024');
insert into GroupMembershipRequests (GroupMemberShipRequestsID, GroupID, GroupMemberUserID, IsGroupMemberShipAccepted, DateAccepted) values (29, 2, 4, false, '5/7/2024');
insert into GroupMembershipRequests (GroupMemberShipRequestsID, GroupID, GroupMemberUserID, IsGroupMemberShipAccepted, DateAccepted) values (30, 2, 7, true, '5/25/2024');


